plant_type,eic_long_name,country_code,eic_code
Biomass,Amagerværket Blok 4,DK,45W000000000113T
Biomass,Avedøreværket Blok 1,DK,45W000000000029I
Biomass,Avedøreværket Blok 2,DK,45W000000000030X
Biomass,PROVENCE 4,FR,17W100P100P03655
Biomass,RODENHUIZE 4,BE,22WRODENH150213L
Biomass,Skærbækværket Blok 3,DK,45W000000000031V
Biomass,Studstrupværket Blok 3,DK,45W000000000036L
Fossil Brown coal/Lignite,Boxberg N,DE,11WD8BOXB1L---N8
Fossil Brown coal/Lignite,Boxberg P,DE,11WD8BOXB1L---P4
Fossil Brown coal/Lignite,Boxberg Q,DE,11WD8BOXB1L---Q2
Fossil Brown coal/Lignite,Boxberg R,DE,11WD8BOXB1L---R0
Fossil Brown coal/Lignite,Jänschwalde A,DE,11WD8JAEN1L---AD
Fossil Brown coal/Lignite,Jänschwalde B,DE,11WD8JAEN1L---BB
Fossil Brown coal/Lignite,Jänschwalde D,DE,11WD8JAEN1L---D7
Fossil Brown coal/Lignite,Jänschwalde E,DE,11WD8JAEN1L---E5
Fossil Brown coal/Lignite,Jänschwalde F,DE,11WD8JAEN1L---F3
Fossil Brown coal/Lignite,Lippendorf R,DE,11WD8LIPD1L---R6
Fossil Brown coal/Lignite,Lippendorf S,DE,11WD8LIPD1L---S4
Fossil Brown coal/Lignite,Neurath_C,DE,11WD7NEUR1B--C-U
Fossil Brown coal/Lignite,Neurath_D,DE,11WD7NEUR1B--D-R
Fossil Brown coal/Lignite,Neurath_E,DE,11WD7NEUR1B--E-O
Fossil Brown coal/Lignite,Neurath_F,DE,11WD7NEUR1B--F-L
Fossil Brown coal/Lignite,Neurath_G,DE,11WD7NEUR1B--G-I
Fossil Brown coal/Lignite,Niederaußem_E,DE,11WD7NIED2B--E-B
Fossil Brown coal/Lignite,Niederaußem_F,DE,11WD7NIED2B--F-8
Fossil Brown coal/Lignite,Niederaußem_G,DE,11WD7NIED1B--G-C
Fossil Brown coal/Lignite,Niederaußem_H,DE,11WD7NIED1B--H-9
Fossil Brown coal/Lignite,Niederaußem_K,DE,11WD7NIED1B--K-0
Fossil Brown coal/Lignite,SCHKOPAU_A,DE,11WD8SCHK1L---A2
Fossil Brown coal/Lignite,SCHKOPAU_B,DE,11WD8SCHK1L---B0
Fossil Brown coal/Lignite,Schwarze Pumpe A,DE,11WD8SWPU1L---AK
Fossil Brown coal/Lignite,Schwarze Pumpe B,DE,11WD8SWPU1L---BI
Fossil Brown coal/Lignite,Weisweiler_F,DE,11WD7WEIS1B--F-M
Fossil Brown coal/Lignite,Weisweiler_G,DE,11WD7WEIS1B--G-J
Fossil Brown coal/Lignite,Weisweiler_H,DE,11WD7WEIS1B--H-G
Fossil Coal-derived gas,Hamborn 4,DE,11WD7BEEC5XHAM4I
Fossil Coal-derived gas,Hamborn 5,DE,11WD7BEEC5XHAM5G
Fossil Coal-derived gas,Huckingen_A,DE,11WD7HUCK2G--A-C
Fossil Coal-derived gas,Ruhrort 4,DE,11WD7BEEC5XRUH4E
Fossil Coal-derived gas,UP_CET2_1,IT,26WUUUUUUUCET21O
Fossil Coal-derived gas,UP_ISABENERGY_3,IT,26WUISABENERGY3L
Fossil Coal-derived gas,UP_LVTRNTCET3_1,IT,26WULVTRNTCET31X
Fossil Coal-derived gas,UP_SARLUX_1,IT,26WUUUUUSARLUX1W
Fossil Gas,ALPIQ ENERGÍA ESPAÑA,ES,18WPVENT2-1234-P
Fossil Gas,Amercoeur 1 R GT,BE,22WAMERCO000008L
Fossil Gas,Amercoeur 1 R ST,BE,22WAMERCO000009J
Fossil Gas,AMFARD14,FR,17W100P100P03477
Fossil Gas,AMFARD15,FR,17W100P100P03485
Fossil Gas,BASF A 800_GT11,DE,11WD7LUDW2GGT11E
Fossil Gas,BASF Süd_GT 1,DE,11WD7LUDW5GSDG1Q
Fossil Gas,BASF Süd_GT 2,DE,11WD7LUDW5GSDG2O
Fossil Gas,BBEL,ES,18WBAHITG1-12-CR
Fossil Gas,BBEL,ES,18WBAHITG2-12-CK
Fossil Gas,BBEL,ES,18WBAHITV-123-CB
Fossil Gas,BIZE,ES,18WAMBITG1-12--P
Fossil Gas,BIZE,ES,18WAMBITG2-12-CT
Fossil Gas,BIZE,ES,18WAMBITV-123-CK
Fossil Gas,BLENOD 5,FR,17W100P100P0173E
Fossil Gas,Block 07 Linz,AT,14W-BLOCK07-L--J
Fossil Gas,BOUCHAIN 7,FR,17W100P100P01768
Fossil Gas,Bremen Mittelsbueren Block 4,DE,11WD2BRE4000115K
Fossil Gas,Burghausen_GT1,DE,11WD2BURG000145R
Fossil Gas,Claus C,NL,49W0000000000059
Fossil Gas,COMPAGNIE ELECTRIQUE DE BRETAGNE,FR,17W000001023725I
Fossil Gas,CYCOFOS PL1,FR,17W100P100P03388
Fossil Gas,Diemen 33,NL,49W0000000000164
Fossil Gas,Diemen 34,NL,49W0000000000172
Fossil Gas,DK6 TV1,FR,17W100P100P0331M
Fossil Gas,DK6 TV2,FR,17W100P100P0333I
Fossil Gas,Donaustadt 3,AT,14W-GEN-DO3----F
Fossil Gas,DROGENBOS GT1,BE,22WDROGEN0000839
Fossil Gas,DROGENBOS GT2,BE,22WDROGEN0000847
Fossil Gas,DROGENBOS ST,BE,22WDROGEN0000855
Fossil Gas,EDH,NL,49W0000000000342
Fossil Gas,ELECTRICA DE LA RIBERA DEL EBRO SA,ES,18WSRI4-123456-V
Fossil Gas,"ELECTRICA DE LA RIBERA DEL EBRO, S.A.",ES,18WCTJON3-1234-E
Fossil Gas,"ELECTRICA DE LA RIBERA DEL EBRO, SA",ES,18WSRI5-12345--5
Fossil Gas,"ELSTA BV  Co., CV",NL,49W000000000049Q
Fossil Gas,EMILE HUCHET 7,FR,17W100P100P00105
Fossil Gas,EMILE HUCHET 8,FR,17W100P100P00113
Fossil Gas,Emsland_D,DE,11WD7EMSL1G-GUD9
Fossil Gas,ENDESA,ES,18WBES5TG1-123-2
Fossil Gas,ENDESA,ES,18WBES5TG2-123-W
Fossil Gas,ENDESA,ES,18WBES5TV-1234-K
Fossil Gas,ENDESA GENERACION,ES,18WPGR5TG1-123-T
Fossil Gas,ENDESA GENERACION,ES,18WPGR5TG2-123-M
Fossil Gas,ENDESA GENERACION,ES,18WPGR5TV-1234-A
Fossil Gas,ENDG,ES,18WCOL4-12345-CF
Fossil Gas,Enecogen UNIT10,NL,49W000000000059N
Fossil Gas,"E.ON  GENERACION, S.L.",ES,18WALG3TG2-123-2
Fossil Gas,"E.ON GENERACION, S.L.",ES,18WALG3TG1-123-9
Fossil Gas,"E.ON GENERACION, S.L.",ES,18WALG3TV1-123-0
Fossil Gas,EREB,ES,18WCTJON1-123-CJ
Fossil Gas,GASN,ES,18WARRU1-1234-CW
Fossil Gas,GASN,ES,18WARRU2-1234-CN
Fossil Gas,GASN,ES,18WBES4-12345-CY
Fossil Gas,GASN,ES,18WCTGN2-1234-CG
Fossil Gas,GASN,ES,18WCTGN3-1234-C7
Fossil Gas,GASN,ES,18WSROQ1-1234-CJ
Fossil Gas,"Gas Natural SDG, S.A.",ES,18WMALA1-1234567
Fossil Gas,GAS NATURAL SDG S.A.,ES,18WPBCN2-1234-P7
Fossil Gas,GDFSUEZ_NL_EC-22,NL,49W000000000097F
Fossil Gas,GDFSUEZ_NL_EC-3,NL,49W000000000089E
Fossil Gas,GDFSUEZ_NL_EC-4,NL,49W000000000087I
Fossil Gas,GDFSUEZ_NL_EC-5,NL,49W000000000085M
Fossil Gas,GDFSUEZ_NL_EC-6,NL,49W000000000083Q
Fossil Gas,GDFSUEZ_NL_EC-7,NL,49W000000000081U
Fossil Gas,GDFSUEZ_NL_FL-5,NL,49W000000000075P
Fossil Gas,GDK-Mellach Linie 10-M1,AT,14W-WGM1-M1----5
Fossil Gas,Gersteinwerk_K1,DE,11WD7GERS5S-K1-J
Fossil Gas,GT HKW Nossener Brücke,DE,11WD8DRES5X----D
Fossil Gas,GuD Kraftwerk Timelkam,AT,14WENERGIEAGWT4S
Fossil Gas,GuD-Leipzig-Nord,DE,11WD8LEIP5X----6
Fossil Gas,Heizkraftwerk-Niehl-GuD-Anlage-Niehl Bl.31,DE,11WD7OPLA1G--318
Fossil Gas,Heizkraftwerk-Roemerbruecke,DE,11WD7UCHT5XROEMT
Fossil Gas,Herrenhausen KWH Block B,DE,11WD2HERR5G----G
Fossil Gas,HIBE,ES,18WSTC4-12345-CV
Fossil Gas,HKW West Block 4,DE,11WD2FFW4000020J
Fossil Gas,HUNTORF_GT,DE,11WD2HUNT0000644
Fossil Gas,IBEG,ES,18WACE3-12345-CD
Fossil Gas,IBEG,ES,18WCTN3TG1-12-CI
Fossil Gas,IBEG,ES,18WCTN3TG2-12-CB
Fossil Gas,IBEG,ES,18WCTN3TV-123-C2
Fossil Gas,IBEG,ES,18WESC6TG1-12-CL
Fossil Gas,IBEG,ES,18WESC6TG2-12-CE
Fossil Gas,IBEG,ES,18WESC6TV-123-C5
Fossil Gas,Klingenberg 1-3,DE,11WD8KLIN5G--13E
Fossil Gas,Knapsack_20_Erzeugungseinheit,DE,11WD7KWKN-20-EEW
Fossil Gas,Knapsack_KW_Erzeugungseinheit,DE,11WD7KWKN-KW-EEN
Fossil Gas,Küstenkraftwerk K.I.E.L,DE,11W0-0000-0163-M
Fossil Gas,Lage weide 6,NL,49W0000000000245
Fossil Gas,Lares - G2,PT,16WLARES2------3
Fossil Gas,Lausward_GuDF,DE,11WD7NORF5GGUDFA
Fossil Gas,Lichterfelde GUD,DE,11W0-0000-0103-9
Fossil Gas,Marcinelle Energie (Carsid),BE,22WMARCIN150179H
Fossil Gas,MARTIGUES-PONTEAU 5,FR,17W100P100P0174C
Fossil Gas,MARTIGUES-PONTEAU 6,FR,17W100P100P0175A
Fossil Gas,Marzahn GUD,DE,11W0-0000-0104-6
Fossil Gas,Mitte GuD,DE,11WD8MITT5GGUD-8
Fossil Gas,Pego C.C. - G3,PT,16WPEGO3-------P
Fossil Gas,Pego C.C. - G4,PT,16WPEGO4-------G
Fossil Gas,Pergen 1,NL,49W000000000093N
Fossil Gas,Pergen 2,NL,49W000000000095J
Fossil Gas,PONT SUR SAMBRE,FR,17W100P100P00016
Fossil Gas,Ribatejo - G1,PT,16WRIBATE1-----0
Fossil Gas,Ribatejo - G2,PT,16WRIBATE2-----U
Fossil Gas,Ribatejo - G3,PT,16WRIBATE3-----N
Fossil Gas,RINGVAART STEG,BE,22WRINGVA150209C
Fossil Gas,Scheldelaan Exxonmobil,BE,22WSCHELD1502261
Fossil Gas,Silkeborgværket GU,DK,45W000000000099Y
Fossil Gas,Simmering 1 Dampfturbine,AT,14WGEN-SIM1DT--C
Fossil Gas,Simmering 1 Gasturbine 41,AT,14WGEN-SIM1GT41F
Fossil Gas,Simmering 1 Gasturbine 42,AT,14WGEN-SIM1GT42D
Fossil Gas,Sloecentrale unit 10,NL,49W0000000000415
Fossil Gas,Sloecentrale unit 20,NL,49W0000000000423
Fossil Gas,Stadtwerke_Duisburg_Heizkraftwerk_3B,DE,11WD7RHAU5GKW3B5
Fossil Gas,Swentibold 1,NL,49W0000000000156
Fossil Gas,SWM HKW Sued GuD2 DT60,DE,11WD2S260000100F
Fossil Gas,SWM HKW Sued GuD2 GT62,DE,11WD2S262000102W
Fossil Gas,Tiefstack GuD,DE,11WD8TIEF5G-GUDI
Fossil Gas,T.Outeiro C.C. - G1,PT,16WRTG01-------3
Fossil Gas,T.Outeiro C.C. - G2,PT,16WRTG02-------V
Fossil Gas,T.Outeiro C.C. - G3,PT,16WRTG03-------M
Fossil Gas,T-power Beringen,BE,22WT-POWE150244W
Fossil Gas,UF G,ES,18WACE4-12345-C3
Fossil Gas,UF G,ES,18WPALOS1-123-CB
Fossil Gas,UNION FENOSA GENERACION,ES,18WSAGU2-1234-C3
Fossil Gas,UNION FENOSA GENERACION,ES,18WSAGU3-1234-CV
Fossil Gas,UNION FENOSA GENERACION,ES,18WSBO3-12345-CE
Fossil Gas,UP_ALTOMONTE_1,IT,26WUUALTOMONTE1Z
Fossil Gas,UP_AZOTATI_5,IT,26WUUUUAZOTATI5V
Fossil Gas,UP_BUSSI_1,IT,26WUUUUUUBUSSI19
Fossil Gas,UP_CANDELA_1,IT,26WUUUUCANDELA1R
Fossil Gas,UP_CASSANO_2,IT,26WUUUUCASSANO2I
Fossil Gas,UP_CCGTPRILIA_1,IT,26WUCCGTPRILIA15
Fossil Gas,UP_CHIVASSO_1,IT,26WUUUCHIVASSO1V
Fossil Gas,UP_CNTRLDTVRL_1,IT,26WUCNTRLDTVRL1D
Fossil Gas,UP_CNTRLFLVCR_7,IT,26WUCNTRLFLVCR73
Fossil Gas,UP_CTNUCENORD_3,IT,26WUCTNUCENORD3P
Fossil Gas,UP_CTTAMARETE_1,IT,26WUCTTAMARETE11
Fossil Gas,UP_DUINO_1,IT,26WUUUUUUDUINO1A
Fossil Gas,UP_GISSI_1,IT,26WUUUUUUGISSI19
Fossil Gas,UP_ISABENERGY_2,IT,26WUISABENERGY2N
Fossil Gas,UP_LA_CASELL_3,IT,26WUULA-CASELL3L
Fossil Gas,UP_LA_CASELL_4,IT,26WUULA-CASELL4J
Fossil Gas,UP_LEINI_1,IT,26WUUUUUULEINI1V
Fossil Gas,UP_LEVANTE_5,IT,26WUUUULEVANTE51
Fossil Gas,UP_MILAZZO_1,IT,26WUUUUMILAZZO1Z
Fossil Gas,UP_MONCALIERI_3,IT,26WUMONCALIERI36
Fossil Gas,UP_MONCALRPW_2,IT,26WUUMONCALRPW2S
Fossil Gas,UP_NAPOLIL_4,IT,26WUUUUNAPOLIL48
Fossil Gas,UP_NCTLVRNFRR_1,IT,26WUNCTLVRNFRR1D
Fossil Gas,UP_NPWRBRNDSI_10,IT,26WNPWRBRNDSI10U
Fossil Gas,UP_NPWRBRNDSI_8,IT,26WUNPWRBRNDSI82
Fossil Gas,UP_NPWRBRNDSI_9,IT,26WUNPWRBRNDSI90
Fossil Gas,UP_NPWRFRRRRB_10,IT,26WNPWRFRRRRB10Q
Fossil Gas,UP_NPWRFRRRRB_8,IT,26WUNPWRFRRRRB8C
Fossil Gas,UP_NPWRMNTOVA_2,IT,26WUNPWRMNTOVA2N
Fossil Gas,UP_NPWRMNTOVA_3,IT,26WUNPWRMNTOVA3L
Fossil Gas,UP_NPWRRVENNA_10,IT,26WNPWRRVENNA10P
Fossil Gas,UP_NPWRRVENNA_11,IT,26WNPWRRVENNA11N
Fossil Gas,UP_NRGAMOLISE_1,IT,26WUNRGAMOLISE1H
Fossil Gas,UP_OSTIGLIA_12,IT,26WUUOSTIGLIA12K
Fossil Gas,UP_PIACENZA_4,IT,26WUUUPIACENZA4O
Fossil Gas,UP_PORCARI_1,IT,26WUUUUPORCARI17
Fossil Gas,UP_PORTO_COR_3,IT,26WUUPORTO-COR3N
Fossil Gas,UP_PORTO_COR_4,IT,26WUUPORTO-COR4L
Fossil Gas,UP_PRIOLO_C_2,IT,26WUUUPRIOLO-C21
Fossil Gas,UP_RATINO_1,IT,26WUUUUURATINO1O
Fossil Gas,UP_ROSELECTRA_1,IT,26WUROSELECTRA1D
Fossil Gas,UP_ROSEN_1,IT,26WUUUUUUROSEN1B
Fossil Gas,UP_ROSSANO_T_1,IT,26WUUROSSANO-T1T
Fossil Gas,UP_SBARBARA_3,IT,26WUUUSBARBARA3W
Fossil Gas,UP_SCTNPWPFRR_2,IT,26WUSCTNPWPFRR28
Fossil Gas,UP_SMRICRICHI_1,IT,26WUSMRICRICHI16
Fossil Gas,UP_SPARANISE_1,IT,26WUUSPARANISE1Q
Fossil Gas,UP_SPARANISE_2,IT,26WUUSPARANISE2O
Fossil Gas,UP_TAVAZZANO_5,IT,26WUUTAVAZZANO5Z
Fossil Gas,UP_TERMINI_I_6,IT,26WUUTERMINI-I6D
Fossil Gas,UP_TNRSDLMNSP_1,IT,26WUTNRSDLMNSP15
Fossil Gas,UP_TORINONORD_1,IT,26WUTORINONORD1C
Fossil Gas,UP_TORVISCOSA_1,IT,26WUTORVISCOSA1F
Fossil Gas,UP_TURBIGO_3,IT,26WUUUUTURBIGO3M
Fossil Gas,UP_VADOTERM_5,IT,26WUUUVADOTERM5P
Fossil Gas,UP_VERZUOLO_2,IT,26WUUUVERZUOLO2R
Fossil Gas,UP_VOGHERA_1,IT,26WUUUUVOGHERA14
Fossil Gas,Velsen 25,NL,49W0000000000237
Fossil Gas,Zandvliet Power,BE,22WZANDVL150255D
Fossil Gas,Zelzate 2 Knippegroen,BE,22WZELZAT1502618
Fossil Gas,,BE,22WINESCO150149P
Fossil Gas,,FR,17W100P100P00122
Fossil Gas,,FR,17W100P100P00123
Fossil Hard coal,Amer 9,NL,49W000000000002F
Fossil Hard coal,Bexbach_1,DE,11WD7MITB1C---A1
Fossil Hard coal,Bremen Hastedt Block 15,DE,11WD2BR15000116G
Fossil Hard coal,CORDEMAIS 4,FR,17W100P100P0017S
Fossil Hard coal,Datteln_4,DE,11W0-0000-0044-W
Fossil Hard coal,Eemshaven A,NL,49W0000000000075
Fossil Hard coal,Eemshaven B,NL,49W0000000000083
Fossil Hard coal,ENDG,ES,18WPGR1-12345-DF
Fossil Hard coal,Esbjergværket Blok 3,DK,45W000000000040U
Fossil Hard coal,GKM-Anteil_Amprion_Prod,DE,11W0-0000-0006-5
Fossil Hard coal,GKM-Anteil_DB_Prod,DE,11W0-0000-0004-B
Fossil Hard coal,GKM-Anteil_TNG_Prod,DE,11W0-0000-0005-8
Fossil Hard coal,"Hannover GKH (Gemeinschaftskraftwerk), Block 1",DE,11WD2HANN5C---1X
Fossil Hard coal,"Hannover GKH (Gemeinschaftskraftwerk), Block 2",DE,11WD2HANN5C---2V
Fossil Hard coal,HC G,ES,18WABO1-12345-D7
Fossil Hard coal,HC G,ES,18WABO2-12345-DY
Fossil Hard coal,Heilbronn_Block-7,DE,11WD4HLBR1C7---4
Fossil Hard coal,Herne_4,DE,11WD7HERN2S--4-X
Fossil Hard coal,HKW West Block 1,DE,11WD2WBW1000039N
Fossil Hard coal,HKW West Block 2,DE,11WD2WBW2000040U
Fossil Hard coal,Kraftwerk-Farge,DE,11WD2FARG0001262
Fossil Hard coal,Kraftwerk-Zolling-Block-5,DE,11WD2ZOL50001274
Fossil Hard coal,MPP3,NL,49W0000000000326
Fossil Hard coal,Nordjyllandsværket Blok 3,DK,45W000000000038H
Fossil Hard coal,Reuter West D,DE,11WD8REUW1C---DD
Fossil Hard coal,Reuter West E,DE,11WD8REUW1C---EB
Fossil Hard coal,Rheinhafen_Dampfkraftwerk-Block_7,DE,11WD4RDK71C7---G
Fossil Hard coal,Rheinhafen_Dampfkraftwerk-Block_8,DE,11WD4RDK81C8---3
Fossil Hard coal,Rostock Kohlekraftwerk,DE,11WD8ROST1C----K
Fossil Hard coal,Scholven_B,DE,11WD7SCHO1S--B-0
Fossil Hard coal,Scholven_C,DE,11WD7SCHO2S--C-R
Fossil Hard coal,STAUDINGER_5,DE,11WD2STA5000066D
Fossil Hard coal,Studstrupværket Blok 4,DK,45W000000000037J
Fossil Hard coal,SWM HKW Nord Block 2 T20,DE,11WD2NOR20001055
Fossil Hard coal,Tiefstack Steinkohle,DE,11WD8TIEF5C----9
Fossil Hard coal,Trianel_Kohlekraftwerk_Lünen_Block_10,DE,11WD7STUM1SBL10G
Fossil Hard coal,UP_BRNDSSUDCE_1,IT,26WUBRNDSSUDCE1N
Fossil Hard coal,UP_BRNDSSUDCE_3,IT,26WUBRNDSSUDCE3J
Fossil Hard coal,UP_BRNDSSUDCE_4,IT,26WUBRNDSSUDCE4H
Fossil Hard coal,UP_FIUMESANT_3,IT,26WUUFIUMESANT3F
Fossil Hard coal,UP_FIUMESANT_4,IT,26WUUFIUMESANT4D
Fossil Hard coal,UP_FUSINA_T_3,IT,26WUUUFUSINA-T34
Fossil Hard coal,UP_FUSINA_T_4,IT,26WUUUFUSINA-T42
Fossil Hard coal,UP_MONFALCO_2,IT,26WUUUMONFALCO20
Fossil Hard coal,UP_SULCIS_CE_3,IT,26WUUSULCIS-CE3T
Fossil Hard coal,UP_TORREVALN_2,IT,26WUUTORREVALN2K
Fossil Hard coal,UP_TORREVALN_3,IT,26WUUTORREVALN3I
Fossil Hard coal,UP_TORREVALN_4,IT,26WUUTORREVALN4G
Fossil Hard coal,Walsum_10,DE,11WD7WALS1S--10A
Fossil Hard coal,Wedel 1 1,DE,11WD8WED15C---1M
Fossil Hard coal,Wedel 1 2,DE,11WD8WED15C---2K
Fossil Oil,ARRIGHI 2,FR,17W100P100P0032W
Fossil Oil,BRENNILIS 4,FR,17W100P100P0033U
Fossil Oil,Dirinon 1,FR,17W100P100P0262F
Fossil Oil,Dirinon 2,FR,17W100P100P0264B
Fossil Oil,Kyndbyværket KYV21,DK,45W000000000026O
Fossil Oil,MONTEREAU 6,FR,17W100P100P0041V
Fossil Oil,PCK Schwedt SE1,DE,11WD8SCHW5X---19
Fossil Oil,PCK Schwedt SE2,DE,11WD8SCHW5X---27
Fossil Oil,UP_S.F._DEL_1,IT,26WUUUS-F--DEL16
Fossil Oil,UP_S.F._DEL_2,IT,26WUUUS-F--DEL24
Fossil Oil,UP_S.F._DEL_5,IT,26WUUUS-F--DEL5Z
Fossil Oil,UP_S.F._DEL_6,IT,26WUUUS-F--DEL6X
Geothermal,UP_VALLE_SEC_1,IT,26WUUVALLE-SEC1Z
Hydro Pumped Storage,Aguieira - G1,PT,16WAGUIE1------O
Hydro Pumped Storage,Aguieira - G2,PT,16WAGUIE2------G
Hydro Pumped Storage,Aguieira - G3,PT,16WAGUIE3------8
Hydro Pumped Storage,ALDEADAVILA II GR.1 BOMBEO,ES,18WAL21B-12345-W
Hydro Pumped Storage,ALDEADAVILA II GR.2 BOMBEO,ES,18WAL22B-12345-M
Hydro Pumped Storage,Alqueva - G1,PT,16W-ALQUE1-----X
Hydro Pumped Storage,Alqueva - G2,PT,16W-ALQUE2-----Q
Hydro Pumped Storage,Alqueva II - G3,PT,16W-ALQUE3-----J
Hydro Pumped Storage,Alqueva II - G4,PT,16W-ALQUE4-----C
Hydro Pumped Storage,Baixo Sabor Montante - G1,PT,16WBASBM1------T
Hydro Pumped Storage,Baixo Sabor Montante - G2,PT,16WBASBM2------L
Hydro Pumped Storage,CHEYLAS (LE) 2,FR,17W100P100P0057G
Hydro Pumped Storage,COO 1 T,BE,22WCOOX1X0000481
Hydro Pumped Storage,COO 2 T,BE,22WCOOX2X0000521
Hydro Pumped Storage,COO 3 T,BE,22WCOOX3X000055N
Hydro Pumped Storage,COO 4 T,BE,22WCOOX4X0000588
Hydro Pumped Storage,COO 5 T,BE,22WCOOX5X000061A
Hydro Pumped Storage,COO 6 T,BE,22WCOOX6X000064W
Hydro Pumped Storage,ESTANGENTO-SALLENTE G1 BOMBEO,ES,18WSLT1B-12345-J
Hydro Pumped Storage,ESTANGENTO-SALLENTE G2 BOMBEO,ES,18WSLT2B-12345-9
Hydro Pumped Storage,ESTANGENTO-SALLENTE G3 BOMBEO,ES,18WSLT3B--1234-V
Hydro Pumped Storage,ESTANGENTO-SALLENTE G4 BOMBEO,ES,18WSLT4B-12345-Q
Hydro Pumped Storage,Frades II - G2,PT,16WFRADEG4-----G
Hydro Pumped Storage,Goldisthal A,DE,11WD8GOLD1H---AL
Hydro Pumped Storage,Goldisthal B,DE,11WD8GOLD1H---BJ
Hydro Pumped Storage,Goldisthal C,DE,11WD8GOLD1H---CH
Hydro Pumped Storage,Goldisthal D,DE,11WD8GOLD1H---DF
Hydro Pumped Storage,GOUVAES G1,PT,18W000000000MKI9
Hydro Pumped Storage,GOUVAES G3,PT,18W000000000MKK5
Hydro Pumped Storage,GOUVAES G4,PT,18W000000000MKL3
Hydro Pumped Storage,GRAND-MAISON 1,FR,17W100P100P0059C
Hydro Pumped Storage,GRAND-MAISON 10,FR,17W100P100P0058E
Hydro Pumped Storage,GRAND-MAISON 11,FR,17W100P100P0060R
Hydro Pumped Storage,GRAND-MAISON 12,FR,17W100P100P0062N
Hydro Pumped Storage,GRAND-MAISON 2,FR,17W100P100P0061P
Hydro Pumped Storage,GRAND-MAISON 3,FR,17W100P100P0063L
Hydro Pumped Storage,GRAND-MAISON 4,FR,17W100P100P0064J
Hydro Pumped Storage,GRAND-MAISON 5,FR,17W100P100P0065H
Hydro Pumped Storage,GRAND-MAISON 6,FR,17W100P100P0066F
Hydro Pumped Storage,GRAND-MAISON 7,FR,17W100P100P0067D
Hydro Pumped Storage,GRAND-MAISON 8,FR,17W100P100P0068B
Hydro Pumped Storage,GRAND-MAISON 9,FR,17W100P100P00699
Hydro Pumped Storage,GROUPE 05 DE LA CENTRALE HYDRAULIQUE DE COCHE (LA),FR,17W100P100P20746
Hydro Pumped Storage,Häusling-TU,AT,14W-TZH-TU-----N
Hydro Pumped Storage,IBERDROLA GENERACION S.A.U.,ES,18WMUE4B-12345-D
Hydro Pumped Storage,IBERDROLA GENERACION S.A.U.,ES,18WMUE5B-12345-3
Hydro Pumped Storage,IBERDROLA GENERACION S.A.U.,ES,18WMUE6B-12345-U
Hydro Pumped Storage,IBERDROLA GENERACION S.A.U.,ES,18WMUE7B-12345-K
Hydro Pumped Storage,Kaprun-Oberstufe-TU,AT,14W-TKO-TU-----7
Hydro Pumped Storage,Koepchenwerk_5,DE,11WD7KOEP2P--5-G
Hydro Pumped Storage,Kuehtai-M1,DE,11WD2KUM1000161L
Hydro Pumped Storage,Kuehtai-M2,DE,11WD2KUM2000162B
Hydro Pumped Storage,LA MUELA DE CORTES 1 BOMBEO,ES,18WMUE1B-12345-6
Hydro Pumped Storage,LA MUELA DE CORTES 2 BOMBEO,ES,18WMUE2B-12345-X
Hydro Pumped Storage,Limberg II-TU,AT,14W-TKP-TU-----Y
Hydro Pumped Storage,Malta-Hauptstufe-TU,AT,14W-DMH-TU-----P
Hydro Pumped Storage,Malta-Oberstufe-TU,AT,14W-DMO-TU-----T
Hydro Pumped Storage,Markersbach A,DE,11WD8MARK1H---AM
Hydro Pumped Storage,Markersbach B,DE,11WD8MARK1H---BK
Hydro Pumped Storage,Markersbach D,DE,11WD8MARK1H---DG
Hydro Pumped Storage,MONTEZIC 1,FR,17W100P100P0071M
Hydro Pumped Storage,MONTEZIC 2,FR,17W100P100P0072K
Hydro Pumped Storage,MONTEZIC 3,FR,17W100P100P0073I
Hydro Pumped Storage,MONTEZIC 4,FR,17W100P100P0074G
Hydro Pumped Storage,Reisseck 2-TU,AT,14W-DRP-TU-----1
Hydro Pumped Storage,REVIN 1,FR,17W100P100P0076C
Hydro Pumped Storage,REVIN 2,FR,17W100P100P0077A
Hydro Pumped Storage,REVIN 3,FR,17W100P100P00788
Hydro Pumped Storage,Roßhag-TU,AT,14W-TZR-TU-----Y
Hydro Pumped Storage,Saeckingen_Anteil_EnBW,DE,11WD4SAEK2HD4--9
Hydro Pumped Storage,Saeckingen_Anteil_RWE,DE,11WD4SAEK2HD7--Y
Hydro Pumped Storage,Salamonde II - G3,PT,16WSALAMG3-----6
Hydro Pumped Storage,Schluchsee_Witznau_Summe_Anteil_EnBW,DE,11WD4WITZ5H-SD4C
Hydro Pumped Storage,Schluchsee_Witznau_Summe_Anteil_RWE,DE,11WD4WITZ5H-SD76
Hydro Pumped Storage,SUPER-BISSORTE 1,FR,17W100P100P0082H
Hydro Pumped Storage,SUPER-BISSORTE 2,FR,17W100P100P0083F
Hydro Pumped Storage,SUPER-BISSORTE 3,FR,17W100P100P0084D
Hydro Pumped Storage,SUPER-BISSORTE 5,FR,17W100P100P00869
Hydro Pumped Storage,TAJO DE LA ENCANTADA 1 BOMBEO ,ES,18WTJE1B-12345-A
Hydro Pumped Storage,TAJO DE LA ENCANTADA 2 BOMBEO ,ES,18WTJE2B-12345-0
Hydro Pumped Storage,TAJO DE LA ENCANTADA 4 BOMBEO ,ES,18WTJE4B-12345-H
Hydro Pumped Storage,UP_ALTOADDA_1,IT,26WUUUALTOADDA15
Hydro Pumped Storage,UP_ANAPO_C.L_1,IT,26WUUANAPO-C-L1O
Hydro Pumped Storage,UP_BARGI_CEN_1,IT,26WUUBARGI-CEN11
Hydro Pumped Storage,UP_EDOLO_1,IT,26WUUUUUUEDOLO19
Hydro Pumped Storage,UP_ETQCHIOTAS_1,IT,26WUETQCHIOTAS1O
Hydro Pumped Storage,UP_ETQ_ROVINA_1,IT,26WUETQ-ROVINA1Y
Hydro Pumped Storage,UP_FADALTO_1,IT,26WUUUUFADALTO1G
Hydro Pumped Storage,UP_GARGNANO_1,IT,26WUUUGARGNANO18
Hydro Pumped Storage,UP_PONTVENTOUX_1,IT,26WPONTVENTOUX1J
Hydro Pumped Storage,UP_PRESENZAN_1,IT,26WUUPRESENZAN11
Hydro Pumped Storage,UP_PROVVIDEN_1,IT,26WUUPROVVIDEN13
Hydro Pumped Storage,UP_RIVADEL_3,IT,26WUUUURIVADEL38
Hydro Pumped Storage,UP_RONCOVALG_1,IT,26WUURONCOVALG13
Hydro Pumped Storage,UP_S.FIORANO_1,IT,26WUUZ-FIORANO1X
Hydro Pumped Storage,UP_SGIACOMO_3,IT,26WUUUSGIACOMO3I
Hydro Pumped Storage,UP_S.MASS.CL_1,IT,26WUUS-MASS-CL10
Hydro Pumped Storage,UP_TALORO1_1,IT,26WUUUUTALORO11V
Hydro Pumped Storage,Vianden_1,DE,11WD7VIAN2H-1-1O
Hydro Pumped Storage,Vianden_10,DE,11WD72VIA2H--10R
Hydro Pumped Storage,Vianden_11,DE,11WD72VIA2H--11P
Hydro Pumped Storage,Vianden_2,DE,11WD7VIAN2H-1-2M
Hydro Pumped Storage,Vianden_3,DE,11WD7VIAN2H-1-3K
Hydro Pumped Storage,Vianden_4,DE,11WD7VIAN2H-1-4I
Hydro Pumped Storage,Vianden_5,DE,11WD7VIAN2H-2-5C
Hydro Pumped Storage,Vianden_6,DE,11WD7VIAN2H-2-6A
Hydro Pumped Storage,Vianden_7,DE,11WD7VIAN2H-2-78
Hydro Pumped Storage,Vianden_8,DE,11WD7VIAN2H-2-86
Hydro Pumped Storage,Vianden_9,DE,11WD7VIAN2H-2-94
Hydro Pumped Storage,Vilarinho Furnas - G1,PT,16WVFURNA1-----O
Hydro Pumped Storage,VILLARINO GR.1 BOMBEO,ES,18WVRN1B-12345-B
Hydro Pumped Storage,VILLARINO GR.2 BOMBEO,ES,18WVRN2B-12345-1
Hydro Pumped Storage,VILLARINO GR.3 BOMBEO,ES,18WVRN3B-12345-S
Hydro Pumped Storage,VILLARINO GR.4 BOMBEO,ES,18WVRN4B-12345-I
Hydro Pumped Storage,VILLARINO GR.5 BOMBEO,ES,18WVRN5B-12345-8
Hydro Pumped Storage,VILLARINO GR.6 BOMBEO,ES,18WVRN6B-12345-Z
Hydro Pumped Storage,VIW_Kops-2_M1,DE,11WD43KOP2HM1--L
Hydro Pumped Storage,VIW_Kops-2_M2,DE,11WD43KOP2HM2--H
Hydro Pumped Storage,VIW_Kops-2_M3,DE,11WD43KOP2HM3--D
Hydro Pumped Storage,VIW_Obervermunt2_M1,DE,11W0-0000-0109-S
Hydro Pumped Storage,VIW_Obervermunt2_M2,DE,11W0-0000-0110-E
Hydro Pumped Storage,VIW_Rodund-2,DE,11WD43ROW2H----I
Hydro Pumped Storage,V.Nova II(Frades) - G1,PT,16WFRADES1-----F
Hydro Pumped Storage,WALDECK_2_MA_5,DE,11WD2W2M1000073I
Hydro Pumped Storage,WALDECK_2_MA_6,DE,11WD2W2M20000748
Hydro Pumped Storage,Wehr_Anteil_EnBW,DE,11WD4WEHR1HD4--Y
Hydro Pumped Storage,Wehr_Anteil_RWE,DE,11WD4WEHR1HD7--M
Hydro Pumped Storage,,BE,22WPLATEX150208N
Hydro Run-of-river and poundage,Abwinden-Asten-TU,AT,14W-BAA-TU-----T
Hydro Run-of-river and poundage,Altenwörth-TU,AT,14W-BAW-TU-----V
Hydro Run-of-river and poundage,Aschach-TU,AT,14W-BAS-TU-----Y
Hydro Run-of-river and poundage,CHASTANG (LE) 2,FR,17W100P100P0049F
Hydro Run-of-river and poundage,CHASTANG (LE) 3,FR,17W100P100P0050U
Hydro Run-of-river and poundage,Freudenau-TU,AT,14W-BFR-TU-----Q
Hydro Run-of-river and poundage,Greifenstein-TU,AT,14W-BGS-TU-----5
Hydro Run-of-river and poundage,GROUPE 01 DE LA CENTRALE HYDRAULIQUE DE SAINT-PIERRE,FR,17W100P100P0166B
Hydro Run-of-river and poundage,HYDRO-RADAG-MASCHINENHAUS-GENERATOR-1,DE,11W0-0000-0146-L
Hydro Run-of-river and poundage,Melk-TU,AT,14W-BME-TU-----5
Hydro Run-of-river and poundage,Ottensheim-Wilhering-TU,AT,14W-BOW-TU-----P
Hydro Run-of-river and poundage,Rheinkraftwerk_Iffezheim_M1-M5,DE,11WD4IFFE5H----T
Hydro Run-of-river and poundage,Töging-TU,DE,11WD2ITOT000254Q
Hydro Run-of-river and poundage,UP_AVISE_1,IT,26WUUUUUUAVISE1Z
Hydro Run-of-river and poundage,UP_CARDANO_1,IT,26WUUUUCARDANO16
Hydro Run-of-river and poundage,UP_CHIESE_1,IT,26WUUUUUCHIESE16
Hydro Run-of-river and poundage,UP_GALLETO_2,IT,26WUUUUGALLETO2T
Hydro Run-of-river and poundage,UP_LIRO_1,IT,26WUUUUUUULIRO13
Hydro Run-of-river and poundage,UP_MONTORIO_1,IT,26WUUUMONTORIO1P
Hydro Run-of-river and poundage,UP_MUCONE_1,IT,26WUUUUUMUCONE1Q
Hydro Run-of-river and poundage,UP_NERAVELINO_1,IT,26WUNERAVELINO11
Hydro Run-of-river and poundage,UP_NOCE_1,IT,26WUUUUUUUNOCE1E
Hydro Run-of-river and poundage,UP_ORTICA_1,IT,26WUUUUUORTICA1F
Hydro Run-of-river and poundage,UP_PREM-GROSIO_1,IT,26WPREM-GROSIO10
Hydro Run-of-river and poundage,UP_TAGLIAMENTO_1,IT,26WTAGLIAMENTO1J
Hydro Run-of-river and poundage,UP_VALCAMONICA_1,IT,26WVALCAMONICA1Y
Hydro Run-of-river and poundage,UP_VALMALENCO_1,IT,26WUVALMALENCO17
Hydro Run-of-river and poundage,Wallsee-Mitterkirchen-TU,AT,14W-BWM-TU-----0
Hydro Run-of-river and poundage,Wasserkraft_Laufenburg_M1-M10,DE,11WD4KWLFB5M1107
Hydro Run-of-river and poundage,Wasserkraft_Rheinfelden_M1-M4,DE,11WD4KWRHF5M1-4I
Hydro Run-of-river and poundage,Ybbs-Persenbeug-TU,AT,14W-BYP-TU-----M
Hydro Water Reservoir,AIGLE (L ) 6,FR,17W100P100P0051S
Hydro Water Reservoir,BATHIE,FR,17W100P100P03566
Hydro Water Reservoir,BATHIE,FR,17W100P100P03574
Hydro Water Reservoir,BATHIE,FR,17W100P100P03582
Hydro Water Reservoir,BATHIE,FR,17W100P100P03590
Hydro Water Reservoir,BATHIE,FR,17W100P100P0360F
Hydro Water Reservoir,BATHIE,FR,17W100P100P0361D
Hydro Water Reservoir,BORT 1,FR,17W100P100P0052Q
Hydro Water Reservoir,BORT 2,FR,17W100P100P0054M
Hydro Water Reservoir,BROMMAT 7,FR,17W100P100P0055K
Hydro Water Reservoir,COMBE D AVRIEUX 1,FR,17W100P100P00893
Hydro Water Reservoir,ENDG,ES,18WSLT2-12345-FS
Hydro Water Reservoir,ENDG,ES,18WSLT3-12345-FI
Hydro Water Reservoir,ENDG,ES,18WSLT4-12345-F8
Hydro Water Reservoir,Gerlos-TU,AT,14W-TZG-TU-----X
Hydro Water Reservoir,IBEG,ES,18WAL11-12345-AZ
Hydro Water Reservoir,IBEG,ES,18WAL12-12345-AP
Hydro Water Reservoir,IBEG,ES,18WAL13-12345-AF
Hydro Water Reservoir,IBEG,ES,18WAL14-12345-A5
Hydro Water Reservoir,IBEG,ES,18WAL15-12345-AW
Hydro Water Reservoir,IBEG,ES,18WAL16-12345-AM
Hydro Water Reservoir,IBEG,ES,18WAL21-12345-AO
Hydro Water Reservoir,IBEG,ES,18WAL22-12345-AE
Hydro Water Reservoir,IBEG,ES,18WCA21-12345-AJ
Hydro Water Reservoir,IBEG,ES,18WCED1-12345-AZ
Hydro Water Reservoir,IBEG,ES,18WCED2-12345-AP
Hydro Water Reservoir,IBEG,ES,18WCED3-12345-AF
Hydro Water Reservoir,IBEG,ES,18WCED4-12345-A5
Hydro Water Reservoir,IBEG,ES,18WCO21-12345--L
Hydro Water Reservoir,IBEG,ES,18WCO22-12345-AQ
Hydro Water Reservoir,IBEG,ES,18WJMO1-12345-AN
Hydro Water Reservoir,IBEG,ES,18WJMO2-12345-AD
Hydro Water Reservoir,IBEG,ES,18WJMO3-12345-A3
Hydro Water Reservoir,IBEG,ES,18WJMO4-12345-AU
Hydro Water Reservoir,IBEG,ES,18WMUE1-12345-FP
Hydro Water Reservoir,IBEG,ES,18WMUE2-12345-FF
Hydro Water Reservoir,IBEG,ES,18WRIC21-1234-AZ
Hydro Water Reservoir,IBEG,ES,18WSA21-12345-AX
Hydro Water Reservoir,IBEG,ES,18WSA22-12345-AN
Hydro Water Reservoir,IBEG,ES,18WSOU1-12345-A1
Hydro Water Reservoir,IBEG,ES,18WVC21-12345-A7
Hydro Water Reservoir,IBEG,ES,18WVRN1-12345-A3
Hydro Water Reservoir,IBEG,ES,18WVRN2-12345-AU
Hydro Water Reservoir,IBEG,ES,18WVRN3-12345-AK
Hydro Water Reservoir,IBEG,ES,18WVRN4-12345-AA
Hydro Water Reservoir,IBEG,ES,18WVRN5-12345-A0
Hydro Water Reservoir,IBEG,ES,18WVRN6-12345-AR
Hydro Water Reservoir,IBERDROLA GENERACION S.A.U.,ES,18WEST21-12345-C
Hydro Water Reservoir,IBERDROLA GENERACION S.A.U.,ES,18WMUE4-123456-6
Hydro Water Reservoir,IBERDROLA GENERACION S.A.U.,ES,18WMUE5-123456-X
Hydro Water Reservoir,IBERDROLA GENERACION S.A.U.,ES,18WMUE6-123456-N
Hydro Water Reservoir,IBERDROLA GENERACION S.A.U.,ES,18WMUE7-123456-D
Hydro Water Reservoir,Kaprun-Hauptstufe-TU,AT,14W-TKH-TU-----3
Hydro Water Reservoir,Kaprun-Schwarzach-TU,AT,14W-TKS-TU-----4
Hydro Water Reservoir,Mayrhofen-TU,AT,14W-TZM-TU-----A
Hydro Water Reservoir,POUGET (LE) 4,FR,17W100P100P0075E
Hydro Water Reservoir,Silz-M1,DE,11WD2SIM10001585
Hydro Water Reservoir,Silz-M2,DE,11WD2SIM2000159W
Hydro Water Reservoir,SISTERON 1,FR,17W100P100P0080L
Hydro Water Reservoir,SISTERON 2,FR,17W100P100P0081J
Hydro Water Reservoir,UF G,ES,18WBEL1-12345-AY
Hydro Water Reservoir,UF G,ES,18WBEL2-12345-AO
Hydro Water Reservoir,UF G,ES,18WBEL3-12345-AE
Hydro Water Reservoir,UP_CNTRLNTRNO_11,IT,26WCNTRLNTRNO118
Hydro Water Reservoir,UP_SFRNGNRZNE_2,IT,26WUSZRNGNRZNE21
Hydro Water Reservoir,UP_SOVERZENE_1,IT,26WUUSOVERZENE1M
Hydro Water Reservoir,UP_VALPELLIN_1,IT,26WUUVALPELLIN15
Hydro Water Reservoir,UP_VENAUS_1,IT,26WUUUUUVENAUS10
Hydro Water Reservoir,VILLARODIN 1,FR,17W100P100P00877
Hydro Water Reservoir,VILLARODIN 2,FR,17W100P100P00885
Nuclear,BELLEVILLE 1,FR,17W100P100P0090I
Nuclear,BELLEVILLE 2,FR,17W100P100P0091G
Nuclear,BLAYAIS (LE) 2,FR,17W100P100P0093C
Nuclear,BLAYAIS (LE) 4,FR,17W100P100P00958
Nuclear,Borssele 30,NL,49W000000000055V
Nuclear,BUGEY (LE) 2,FR,17W100P100P00966
Nuclear,BUGEY (LE) 3,FR,17W100P100P00974
Nuclear,BUGEY (LE) 4,FR,17W100P100P00982
Nuclear,BUGEY (LE) 5,FR,17W100P100P01004
Nuclear,CATTENOM 2,FR,17W100P100P0103Z
Nuclear,CATTENOM 3,FR,17W100P100P0104X
Nuclear,CATTENOM 4,FR,17W100P100P0105V
Nuclear,CHINON B 1,FR,17W100P100P0106T
Nuclear,CHINON B 2,FR,17W100P100P0107R
Nuclear,CHINON B 3,FR,17W100P100P0108P
Nuclear,CHINON B 4,FR,17W100P100P0109N
Nuclear,CIVAUX 1,FR,17W100P100P0113W
Nuclear,CRUAS 1,FR,17W100P100P0115S
Nuclear,CRUAS 3,FR,17W100P100P0118M
Nuclear,CRUAS 4,FR,17W100P100P0119K
Nuclear,DAMPIERRE-EN-BURLY 1,FR,17W100P100P0120Z
Nuclear,DAMPIERRE-EN-BURLY 2,FR,17W100P100P0121X
Nuclear,DAMPIERRE-EN-BURLY 3,FR,17W100P100P0122V
Nuclear,DAMPIERRE-EN-BURLY 4,FR,17W100P100P0123T
Nuclear,DOEL 1,BE,22WDOELX1150076X
Nuclear,DOEL 2,BE,22WDOELX2150077N
Nuclear,DOEL 4,BE,22WDOELX41500793
Nuclear,Emsland KKE_A,DE,11WD7KKE-1K-BLAZ
Nuclear,ENDG,ES,18WASC1-12345-BD
Nuclear,FESSENHEIM 1,FR,17W100P100P0124R
Nuclear,FESSENHEIM 2,FR,17W100P100P0125P
Nuclear,FLAMANVILLE 2,FR,17W100P100P0127L
Nuclear,GOLFECH 2,FR,17W100P100P0129H
Nuclear,GRAVELINES 1,FR,17W100P100P0130W
Nuclear,GRAVELINES 2,FR,17W100P100P0131U
Nuclear,GRAVELINES 4,FR,17W100P100P0133Q
Nuclear,GRAVELINES 5,FR,17W100P100P0135M
Nuclear,GRAVELINES 6,FR,17W100P100P0136K
Nuclear,IBEG,ES,18WASC2-12345-B3
Nuclear,IBEG,ES,18WCOF1-12345-B2
Nuclear,IBEG,ES,18WVAN2-12345-BA
Nuclear,ISAR_2,DE,11WD2ISAR000122A
Nuclear,NOGENT-SUR-SEINE 1,FR,17W100P100P0137I
Nuclear,NOGENT-SUR-SEINE 2,FR,17W100P100P0138G
Nuclear,PALUEL 1,FR,17W100P100P0139E
Nuclear,PALUEL 2,FR,17W100P100P0140T
Nuclear,PALUEL 3,FR,17W100P100P0141R
Nuclear,PALUEL 4,FR,17W100P100P0142P
Nuclear,PENLY 1,FR,17W100P100P0143N
Nuclear,PENLY 2,FR,17W100P100P0144L
Nuclear,ST-ALBAN-ST-MAURICE 1,FR,17W100P100P0145J
Nuclear,ST-ALBAN-ST-MAURICE 2,FR,17W100P100P0146H
Nuclear,ST-LAURENT-DES-EAUX B 1,FR,17W100P100P0147F
Nuclear,TIHANGE 1N,BE,22WTIHANG150239G
Nuclear,TIHANGE 1S,BE,22WTIHANG150240V
Nuclear,TIHANGE 2,BE,22WTIHANG150241T
Nuclear,TIHANGE 3,BE,22WTIHANG150242R
Nuclear,TRICASTIN (LE) 1,FR,17W100P100P0149B
Nuclear,TRICASTIN (LE) 2,FR,17W100P100P0150Q
Nuclear,TRICASTIN (LE) 3,FR,17W100P100P0152M
Nuclear,TRICASTIN (LE) 4,FR,17W100P100P0153K
Nuclear,UF G,ES,18WALZ1-12345-BT
Nuclear,UF G,ES,18WALZ2-12345-BJ
Nuclear,UF G,ES,18WTRL1-12345-BC
Other,CYCOFOS PL2,FR,17W100P100P03396
Other,Ijmond,NL,49W000000000021B
Solar,DON_RODRIGO,ES,18W000000000AI2L
Solar,Fotovoltaica Bienvenida,ES,18W000000000J1FA
Solar,FSABI,ES,18W000000000O4GG
Solar,FV1014 ,ES,18W000000000K82B
Solar,FV ARENALES,ES,18W000000000MQ3L
Solar,FV FRANCISCO PIZARRO,ES,18W000000000N9F7
Solar,FVORIOL,ES,18W000000000LFHU
Solar,GUILLENAS,ES,18W000000000HBIJ
Solar,Mula,ES,18W000000000F3CQ
Solar,NUÑEZ BALBOA,ES,18W000000000H02A
Solar,PUERTOREAL,ES,18W000000000KBH9
Solar,TALASOL,ES,18W000000000JQVE
Solar,TALAYU,ES,18W000000000JVZS
Solar,UF Olmedilla Hive,ES,18W000000000NX5T
Solar,VSLAR,ES,18W000000000L45D
Waste,Muenster_DT,DE,11WD4MUST5X-DT-M
Wind Offshore,Anholt Generation,DK,45W000000000046I
Wind Offshore,Belwind Phase 1,BE,22WBELWIN1500271
Wind Offshore,Danish Kriegers Flak Generation Unit,DK,45W000000000126K
Wind Offshore,Horns Rev A,DK,45W000000000047G
Wind Offshore,Horns Rev B,DK,45W000000000048E
Wind Offshore,Horns Rev C generation unit,DK,45W000000000116N
Wind Offshore,Mermaid,BE,22W20200608B---3
Wind Offshore,Northwind,BE,22WNORTHW150187B
Wind Offshore,Rødsand 1_GU,DK,45W000000000044M
Wind Offshore,Rødsand 2_GU,DK,45W000000000045K
Wind Offshore,Seastar,BE,22W20200608D---U
Wind Offshore,Thorntonbank - C-Power - Area NE,BE,22WTHORNT150237E
Wind Offshore,Thorntonbank - C-Power - Area SW,BE,22WTHORNT150238C
Wind Offshore,,BE,22W20161115----Z
Wind Offshore,,BE,22W20180615----H
Wind Offshore,,BE,22W201902151---T
Wind Offshore,,BE,22W201909151---M
Wind Onshore,PE TICO,ES,18W000000000KMDL
Wind Onshore,UFI P.E CUEVAS DE VELASCO,ES,18W000000000N3UW
Wind Onshore,UFI P.E. GECAMA,ES,18W000000000NXBH
Wind Onshore,UP_BDDSLDSRDI_1,IT,26WUBDDSLDSRDI17
